id,sentence,label,label_name,pred
0,"The company 's operating income ( EBIT ) totalled EUR 0.0 mn , up from EUR -0.3 mn year-on-year .",2,positive,positive
1,"Glaston 's own glass processing unit , Tamglass Glass Processing , is a manufacturer of high quality safety glass products , and operates in Finland .",1,neutral,neutral
2,"In September alone , the market declined by 10.2 percent year-on-year to 19.28 million liters .",0,negative,negative
3,"Goodwill and other intangible assets account for some 2.0 mln euro ( $ 2.6 mln ) of the purchase price , 20 pct of which payable in Aspo shares .",1,neutral,neutral
4,Major Order in India Comptel Corporation has received a significant long-term order for mediation and provisioning solutions being used by a leading operator in India .,2,positive,positive
5,"Helsinki on October 22 , 2008 SSH COMMUNICATIONS SECURITY CORP Board of Directors For further information , please contact : Tomi Laamanen , Chairman , tel. +358 0 400 609 544 Distribution : NASDAQ OMX Helsinki Ltd. .",1,neutral,neutral
6,The shares shall be acquired according to the Rules of NASDAQ OMX Helsinki and otherwise according to the rules related to acquisition of the company 's own shares .,1,neutral,neutral
7,"Finnish flexible packaging manufacturer Suominen Corporation reports net sales of EUR 54.5 mn in the first quarter of 2008 , compared with EUR 54.3 mn a year earlier .",2,positive,positive
8,"The transaction is subject to a final agreement between the parties , approvals of their decision-making bodies and approval by the Finnish Competition Authority .",1,neutral,neutral
9,The total capacity of the factory will be approximately 100 engines a year .,1,neutral,neutral
10,"Ruukki 's delivery includes steel structures , including installation , for Krakeroy bascule bridge and steel piles for the bridge foundations .",1,neutral,neutral
11,N-Viro operates processing facilities independently as well as in partnership with municipalities .,1,neutral,neutral
12,"Currently , 95 % of Trainers House 's revenues are attributed to the Finnish market .",1,neutral,neutral
13,1 February 2011 - Finnish textile and clothing company Marimekko Oyj HEL : MMO1V said today its preliminary operating profit grew to EUR8 .2 m in 2010 from EUR6 .3 m in 2009 .,2,positive,positive
14,"Prior to the transaction , whose financial terms have not been disclosed , Alma Media owned 40 % of Kotikokki net .",1,neutral,neutral
15,ABN : 59 087 901 620 now represent 5.10 % of the voting rights and share capital of Citycon Oyj .,1,neutral,neutral
16,"International sales rose by 59.8 % to EUR 1,244.4 mn .",2,positive,positive
17,"In the sinter plant , limestone and coke breeze are mixed with the iron ore concentrate and sintered into lump form or sinter for use in the blast furnaces as a raw material for iron-making .",1,neutral,neutral
18,"The figure includes the change in the fair value of the property portfolio , EUR 26.2 million .",1,neutral,neutral
19,"Raute reported a loss per share of EUR0 .86 for the first half of 2009 , against EPS of EUR0 .74 in the corresponding period of 2008 .",0,negative,negative
20,"She will succeed Krister Kylas , who has decided to leave TeliaSonera .",1,neutral,neutral
21,The value of the total investment is about EUR 600mn .,1,neutral,neutral
22,Cash flow from business operations totalled EUR 0.4 mn compared to a negative EUR 15.5 mn in the first half of 2008 .,2,positive,positive
23,"Finnish electronics contract manufacturer Scanfil reports net sales of EUR 58.9 mn in the second quarter of 2007 , down from EUR 62.4 mn a year earlier .",0,negative,negative
24,"The company generates net sales of about 600 mln euro $ 775.5 mln annually and employs 6,000 .",1,neutral,neutral
25,Net interest income increased by 4.5 % to EUR 31.4 mn from EUR 30.0 mn in 2004 .,2,positive,positive
26,"- The Group -¦ s sales during the period were EUR 31.6 million EUR 36.6 million , 1-6/2007 and profit before taxes was EUR 0.2 1.3 million .",1,neutral,neutral
27,"Svyturys-Utenos Alus , which is controlled by the Nordic group Baltic Beverages Holding ( BBH ) , posted a 4.7-per-cent growth in beer sales for January-May to 46.22 million litres .",2,positive,positive
28,"The money will be spread mainly over 2011 and 2012 , the company said .",1,neutral,neutral
29,"Finnish construction group Lemminkainen Oyj HEL : LEM1S said today it has won a contract to provide technical services for the Nevsky Centre shopping mall to be opened in November in St Petersburg , Russia .",2,positive,positive
30,It will report full-year results on August 22 .,1,neutral,neutral
31,These moderate but significant changes resulted in a significant 24-32 % reduction in the estimated CVD risk .,2,positive,positive
32,"The decision reflects the underutilisation of the line , which produces nonwovens used in medical and wipes applications as well as for the automotive industry .",1,neutral,neutral
33,`` I am extremely delighted with this project and the continuation of cooperation with Viking Line .,2,positive,positive
34,The presentation material can be viewed on the company 's website in English after the conference .,1,neutral,neutral
35,"The company expects its net sales for the whole of 2007 to be EUR 950mn-1 ,000 mn .",1,neutral,neutral
36,"Both operating profit and net sales for the 12-month period increased , respectively from EUR10 .5 m and EUR28 .8 m , as compared to the financial year 2004 .",2,positive,positive
37,`` Printed fabrics and related design expertise have always been the core of Marimekko 's business and brand .,1,neutral,neutral
38,IonPhasE 's second major owner is venture capital firm Aura Capital .,1,neutral,neutral
39,The beers differ slightly from mainstream beers .,1,neutral,neutral
40,"Operating profit was EUR 24.5 mn , up from EUR 23.0 mn .",2,positive,positive
41,"The reductions will be implemented immediately , beginning in October 2009 .",1,neutral,neutral
42,"India 's trade with Russia currently stands at four billion dollars , growing 9.6 per cent in fiscal 2007 .",2,positive,positive
43,"Operating profit of Kauppalehti group rose to EUR 1.5 mn from EUR 1.3 mn , and that of Marketplaces to EUR 1.3 mn from EUR 1.0 mn in the third quarter of 2006 .",2,positive,positive
44,"ADP News - Nov 6 , 2008 - Finnish retail software developer Aldata Solution Oyj OMX : ALD1V said today that it swung to a net profit of EUR 2.1 million USD 2.7 m for the first nine months of 2008 versus a net loss of EU",2,positive,positive
45,Biohit already services many current Genesis customers and the customer base is expected to expand as a result of this agreement .,2,positive,positive
46,"LEED is an internationally recognized green building certification system , developed by the U.S. Green Building Council .",1,neutral,neutral
47,"The Group owns and operates a fleet of more than 800dwt , while container capacity is 17,000 TEUs , and manages a diversified fleet of its own railway rolling stock of over 17,000 units .",1,neutral,neutral
48,"Rautalinko was resposnible also for Mobility Services , and his job in this division will be continued by Marek Hintze .",1,neutral,neutral
49,"The contract also includes installation work in a new multistorey carpark for close on 1,000 vehicles .",1,neutral,positive
50,No decision on such sale of the now issued or existing treasury shares to YA Global has been made yet .,1,neutral,neutral
51,Technopolis has approximately 130 customer companies in Jyvaskyla .,1,neutral,neutral
52,It estimates the operating profit to further improve from the third quarter .,2,positive,positive
53,"Consolidated net sales increased 16 % to reach EUR74 .8 m , while operating profit amounted to EUR0 .9 m compared to a loss of EUR0 .7 m in the prior year period .",2,positive,positive
54,"Fortum expects its annual capital expenditure in the next four to five years to be within a range of EUR 0.8-1 .2 billion , as earlier announced .",1,neutral,positive
55,"Target company : Tieto Corporation , Business Identity Code : 0101138-5 Date of change in holding : 22 January 2010 Portion of the shares and votes : The current group holding of OP-Pohjola Group Central Cooperative ( OPK ) is 2982 587 shares , which represents 4.14 % of the shares and voting rights .",1,neutral,neutral
56,"Previously , Grimaldi held a 46.43 pct stake in the Finnish company following the takeover bid launched in November 2006 .",1,neutral,neutral
57,"In July-September 2009 , Konecranes ' sales decreased to EUR 368.7 mn from EUR 520.4 mn in July-September 2008 .",0,negative,negative
58,"Food sales totalled EUR 323.5 mn in October 2009 , representing a decrease of 5.5 % from October 2008 .",0,negative,negative
59,The acquisition is expected to take place by the end of August 2007 .,1,neutral,neutral
60,The full-function PC weighs 1.25 kilograms and measures slightly more than two centimeters thin .,1,neutral,neutral
61,The online ice chart shows no ice in the area of Estonia 's sea ports on the coast of the Gulf of Finland .,1,neutral,neutral
62,The company said that sales in the three months to the end of March slid to EUR86 .4 m US$ 113.4 m from EUR91 .2 m last year .,0,negative,negative
63,"Operating profit totaled EUR 6.7 mn , down from EUR 7.2 mn in the corresponding period in 2005 .",0,negative,negative
64,"The contractor of the shopping center , China State Construction Engineering Corporation , has previously built e.g. airports , hotels and factories for large international customers in different parts of the world .",1,neutral,neutral
65,A meeting of Glisten shareholders to vote on the bid will be held on 12 March .,1,neutral,neutral
66,The EA Reng group posted sales of approximately 84 million kroons for 2007 .,1,neutral,neutral
67,Both the net sales and operating profit were record high in the company 's history .,2,positive,positive
68,"The company said that 80 % of the shares of the holding company will be sold to Meadville Holdings Limited , a Hong Kong listed parent company of the Meadville Group .",1,neutral,neutral
69,"As part of the agreement , Aspocomp will also give Meadville a 10 pct slice of a subsidiary operating in Oulu , Finland .",1,neutral,neutral
70,"Tecnomen , headquartered in Espoo , Finland , develops messaging and charging solutions for telecomms operators and service providers worldwide .",1,neutral,neutral
71,"The cost of the deal could range from 70 million to 90 million euros depending on the financial results of the two companies in 2008 , the statement says .",1,neutral,neutral
72,"In the fourth quarter of 2008 , net sales decreased to EUR 121.4 mn from EUR 165.5 mn in the fourth quarter of 2007 .",0,negative,negative
73,An audio webcast will be available live and archived on Cerner 's Web site at www.cerner.com .,1,neutral,neutral
74,"Previously , the company expected its 2008 financial performance to remain at the same level as in 2008 .",1,neutral,positive
75,Earnings per share EPS rose to EUR 0.11 from EUR 0.03 .,2,positive,positive
76,"Copper , lead and nickel also dropped ... HBOS ( HBOS ) plummeted 20 % to 70.3 pence after saying this year+ó ??",0,negative,negative
77,"The company operates its business through two reportable segments , including Banking and Investment Services , and Non-Life Insurance .",1,neutral,neutral
78,"Both operating profit and net sales for the 12-month period increased , respectively from EUR4 .7 m and EUR26 .7 m , as compared to 2004 .",2,positive,positive
79,Profit after taxes totaled EUR 12.1 mn .,1,neutral,neutral
80,No financial details of the deployment were disclosed .,1,neutral,neutral
81,"OTHER  North-Rhine Westphalia - Is to issue a benchmark , 5 year fixed rate deal in Euros .",1,neutral,neutral
82,A 2001 agreement expired earlier this month .,1,neutral,negative
83,Revenue grew 12 percent to (  x20ac ) 3.6 billion ( US$ 4.5 billion ) .,2,positive,positive
84,"However , sales volumes in the food industry are expected to remain at relatively good levels in Finland and in Scandinavia , Atria said .",2,positive,positive
85,"Sales in Finland decreased by 10.5 % in January , while sales outside Finland dropped by 17 % .",0,negative,negative
86,"For the current year , Raute expects its net sales to increase and the operating result -- to be positive .",2,positive,positive
87,Rapala aims to move the distribution unit Ragot from Loudeac in Bretagne and the distribution unit Waterqueen and the fishing line supplier Tortue from Saint Marcel in Central France to Morvillars .,1,neutral,neutral
88,"In January-September 2007 , the group 's net sales from continuing operations rose to EUR 213.1 mn from EUR 172.6 mn in the corresponding period in 2006 .",2,positive,positive
89,The company also said that in Poland a profitability program has been launched at the Oborniki steel frame and sandwich panel plant .,2,positive,positive
90,"The copying , republication or redistribution of AFX News Content , including by framing or similar means , is expressly prohibited without the prior written consent of AFX News .",1,neutral,neutral
91,"Operating profit surged to EUR21m from EUR106 ,000 .",2,positive,positive
92,"The board machine , which will have a wire width of 6.25 m and a design speed of 900 m-min , will produce close to 1,400 tonnes of folding boxboard per day .",1,neutral,neutral
93,"Altogether CapMan employs approximately 150 people in Helsinki , Stockholm , Copenhagen , Oslo , Moscow and Luxembourg .",1,neutral,neutral
94,Finnish waste management and cleaning group Lassila & Tikanoja Oyj ( L&T ) net profit went down to 32.2 mln euro ( $ 47.7 mln ) for 2007 from 35.3 mln euro ( $ 52.3 mln ) for 2006 .,0,negative,negative
95,"Stockholm-based Nordea Bank ( STO : NDA ) said yesterday it had hired Casper von Koskull to lead its corporate merchant banking and capital markets unit , effective 1 September .",1,neutral,neutral
96,"Berling Capital , Umo Capital and Veikko Laine are the biggest shareholders in Amanda Capital .",1,neutral,neutral
97,"The brokerage said 2006 has seen a ` true turning point ' in European steel base prices , with better pricing seen carrying through the second quarter of 2006 .",2,positive,positive
98,The company confirmed its estimate for lower revenue for the whole 2009 than the year-ago EUR93 .9 m as given in the interim report on 5 August 2009 .,0,negative,negative
99,Operating profit improved by 44.0 % to ER 4.7 mn from EUR 3.3 mn in 2004 .,2,positive,positive
100,"Following the registration , the number of issued and outstanding shares of Basware is 12,890,829 .",1,neutral,neutral
101,The contract includes heating plant equipment and associated installation work .,1,neutral,neutral
102,"The operating loss amounted to EUR 0.8 mn , compared to a profit of EUR 3.9 mn a year earlier .",0,negative,negative
103,"A coker crane will be supplied to Tesoro Corporation 's Golden Eagle Refinery in Martinez , California , while a similar crane will be delivered to BP 's Castell refinery in Spain .",1,neutral,neutral
104,The building will house product development and test laboratories .,1,neutral,neutral
105,"Salcomp 's charger manufacturing plant in India is located in the Nokia Telecom Park in the state of Tamil Nadu , in the eastern part of India .",1,neutral,neutral
106,"Earnings per share ( EPS ) amounted to EUR0 .98 , up from the loss of EUR0 .02 .",2,positive,positive
107,"Operating profit fell to EUR 35.4 mn from EUR 68.8 mn in 2007 , including vessel sales gain of EUR 12.3 mn .",0,negative,negative
108,"Following this increase Huhtamaki 's registered share capital is EUR360 .62 m and the number of shares outstanding is 106,063,320 .",1,neutral,neutral
109,"In a release on Oct. 28 , Peab said the two businesses will continue to be conducted under the brands Cliffton and Stockholm Entreprenad , both part of the Peab Group .",1,neutral,neutral
110,"The offer of some 30 million shares aimed to raise more than  x20ac 500 million US$ 640 million , was expected to be completed by Oct. 9 , Outokumpu said .",1,neutral,neutral
111,"Finnish airline Finnair has won a deal with the UK public sector to be the official airline for flights from London Heathrow to Osaka in Japan , as well as flights between Manchester in the UK and Helsinki in Finland .",2,positive,positive
112,A paper mill in the central Maine town of Madison soon will have a new owner .,1,neutral,neutral
113,"According to Atria 's President and CEO Matti Tikkakoski , the company 's Swedish operations significantly improved in the first quarter .",2,positive,positive
114,"During the rally , which was authorized by the city administration , a consulate official came out to the workers , spoke to them and took a letter from them .",1,neutral,neutral
115,"The order comprises four ball mills , which will be organized in two different streams for treating ore in the Pilanesberg platinum mine .",1,neutral,neutral
116,The forecast for 2012 is 3.3 % .,1,neutral,neutral
117,"Finnish power supply solutions and systems provider Efore Oyj said its net loss widened to 3.2 mln euro $ 4.2 mln for the first quarter of fiscal 2006-2007 ending October 31 , 2007 from 900,000 euro $ 1.2 mln for the same period of fiscal 2005-06 .",0,negative,positive
118,Closing of such transaction took place today .,1,neutral,neutral
119,"Cash flow from operations totalled EUR 2.71 mn , compared to a negative EUR 0.83 mn in the corresponding period in 2008 .",2,positive,positive
120,Finnish metal products company Componenta Oyj net profit went slightly down to 25.1 mln euro ( $ 40.2 mln ) for the first half of 2008 from 25.4 mln euro ( $ 40.7 mln ) for the same period of 2007 .,0,negative,negative
121,Profit for the period increased from EUR 2.9 mn to EUR 10.5 mn .,2,positive,positive
122,"Its annual capacity is some 10,000 MW .",1,neutral,neutral
123,The company has some 410 employees and an annual turnover of EUR65 .4 m. Vaahto Group is listed on the Nordic Exchange in Helsinki .,1,neutral,neutral
124,"- Demand for fireplace products was lower than expected , especially in Germany .",0,negative,negative
125,The value of the order is USD 2.3 mn .,1,neutral,neutral
126,Net sales of the Vegetable Oil Business rose to EUR 10.6 mn from EUR 10.1 mn .,2,positive,positive
127,All depends on financing .,1,neutral,neutral
128,No financial information was provided .,1,neutral,neutral
129,"Componenta has production lines for similar-sized products at Karkkila in Finland , at Weert in the Netherlands and at Orhangazi in Turkey , and these had a combined output of approximately 100,000 tonnes and net sales of EUR 135 million in 2007 .",1,neutral,neutral
130,SRV lowered its net sales estimate for the whole of 2008 due to uncertainties in housing sales .,0,negative,negative
131,There have not been previous share subscriptions with 2004 stock options .,1,neutral,neutral
132,"Lemminkainen Infra Oy 's subsidiary Lemminkainen Sverige AB will perform the construction work , which is expected to start in early 2011 and to be completed in the summer of 2013 .",1,neutral,neutral
133,"In providing managed services , Nokia takes responsibility for building , operating and transferring as well as optimising the Indosat 3G network .",1,neutral,neutral
134,"In the reporting period , net sales rose by 8 % year-on-year to EUR64 .3 m , due to the business acquisitions realized during the first half of 2008-09 , the effect of which was EUR10 .9 m in the review period .",2,positive,positive
135,Number of offers received for this contract is two .,1,neutral,neutral
136,"That address also happens to house Italian megamart Eataly , meaning that `` Come on , kids , we 're going to the Toy Building ! ''",1,neutral,neutral
137,"OUTOTEC OYJ PRESS RELEASE , FEBRUARY 19 , 2008 AT 11.00 AM Outotec has won two large minerals processing technology orders from Mirabela Mineracao do Brasil Ltda , Brazil and from Cumerio Med JSCo , Bulgaria .",2,positive,positive
138,UPM-Kymmene said its has ` not indicated any interest in any domestic consolidations ' .,1,neutral,neutral
139,Odell has not contacted the State of Finland in this issue .,1,neutral,neutral
140,"Favourable currency rates also contributed to higher net sales , '' CEO Kari Kauniskangas said .",2,positive,positive
141,"These sections will be put into place to form the load-bearing steel structure of the bridge , '' says Sami Eronen , Senior Vice President , Infrastructure and Northern Europe , Ruukki Construction .",1,neutral,neutral
142,Juha Haapakoski will continue as Editor-in-Chief with budget responsibility also with the new publisher .,1,neutral,neutral
143,"Profit after taxes for the period was up to EUR0 .9 m , from EUR0 .01 m last year .",2,positive,positive
144,"He joins Technopolis from KONE where he has held various positions within the Group , most recently as Director of Service Business and Business Development for KONE s Middle Eastern operations .",1,neutral,neutral
145,"In volume , the focus is already outside Finland , as 60 % of the group 's products are made in Poland and the Baltic countries .",1,neutral,neutral
146,EPS grew to 0.04 eur from 0.02 eur .,2,positive,positive
147,"561,470 new shares under 2003 option rights plan Packaging company Huhtamaki Oyj reported on Monday that a total of 561,470 new shares of the company have been issued based on share subscriptions under its 2003 option rights plan .",1,neutral,neutral
148,The plant is expected to enter commercial operation by mid-2009 .,1,neutral,neutral
149,The site will cover over six hectares .,1,neutral,neutral
150,Net sales have been eaten by the weak US dollar .,0,negative,negative
151,Finnish technology company Raute Corporation ( OMX Helsinki : RUTAV ) issued on Tuesday ( 23 September ) a profit warning for the financial year 2008 .,0,negative,negative
152,The company continued the development of a fully human antibody in its VAP-1 antibody program .,1,neutral,neutral
153,"The broker started UPM-Kymmene , Stora Enso and Sappi with ` equal-weight ' recommendations and Holmen and Norske Skog with ` underweight ' ratings .",1,neutral,neutral
154,"Ragutis , which is based in Lithuania 's second-largest city Kaunas , boosted its sales last year 22.3 per cent to 36.4 million liters .",2,positive,positive
155,"The Samsung Mobile Applications Store was launched in January 2009 by Samsung Mobile Innovator , a program which enables mobile software developers to create applications for use across Samsung mobile devices .",1,neutral,neutral
156,EBIT excluding non-recurring items was estimated to increase from 2009 .,2,positive,positive
157,Aldata said that there are still a number of operational aspects to be defined between it and Microsoft and further details of the product and market initiatives resulting from this agreement will be available at a later date .,1,neutral,neutral
158,The acquisition will considerably increase Kemira 's sales and market position in the Russian metal industry coatings market .,2,positive,positive
159,Valga Lihatoostus markets its products under the Maks & Moorits trademark .,1,neutral,neutral
160,"The Stockmann department store will have a total floor space of over 8,000 square metres and Stockmann 's investment in the project will have a price tag of about EUR 12 million .",1,neutral,neutral
161,Cargotec Germany GmbH has been awarded a contract by Stadtverwaltung Mainz for chassis bodies under Open procedure .,2,positive,positive
162,Diluted earnings per share ( EPS ) rose to EUR 0.52 versus EUR 0.09 .,2,positive,positive
163,The idea of saving electricity in data transfer is still a new one .,1,neutral,neutral
164,"Steek , which was set up in 2002 , is based in Bordeaux , southwestern France .",1,neutral,neutral
165,"The parties have agreed not to disclose the price of the deal , the group said in a press release .",1,neutral,neutral
166,"Glaston 's share GLA1V is listed on the NASDAQ OMX Helsinki , Mid Cap List .",1,neutral,neutral
167,`` Demand for sports equipment was good in 2005 .,2,positive,positive
168,"In the Czech Republic , the smaller profiling unit at Ostrava will be closed and the machinery will be gradually relocated to Ruukki 's bigger plants in Hungary , Poland and Romania by the end of the first quarter of 2009 .",1,neutral,neutral
169,Increase in the number of shares is based on the option rights which were granted to the management of the company under the stock option plan 2006 .,1,neutral,neutral
170,"In 2008 , AVC Systemhaus had net sales of EUR 10 million USD 7.1 m .",1,neutral,neutral
171,The transaction included also the transfer of the lease agreement concerning manufacturing premises and employment agreements related to these operations .,1,neutral,neutral
172,The shares represented 4.998 % of total share capital and 2.14 % of total voting rights .,1,neutral,neutral
173,The writing and publication of Lemmink+ñinen -¦ s history is a continuation of earlier collaboration between Antti Tuuri and the company .,1,neutral,neutral
174,Operating loss amounted to EUR 0.9 mn in the first half of 2006 compared to a profit of EUR 0.5 mn in the first half of 2005 .,0,negative,negative
175,Revenue grew 1 percent to euro742 .2 million US$ 964 million from euro735 million .,2,positive,positive
176,"Founded in 1923 , Finnair is one of the world 's oldest airlines and flies to 60 destinations with a fleet of 63 aircraft , employing 9,500 people .",1,neutral,neutral
177,"HELSINKI ( AFX ) - Shares closed higher , led by Nokia after it announced plans to team up with Sanyo to manufacture 3G handsets , and by Nokian Tyres after its fourth-quarter earnings report beat analysts ' expectations , dealers said .",2,positive,positive
178,"Also , a six-year historic analysis is provided for this market .",1,neutral,neutral
179,Cameco typically prices sales contracts using a 40:60 ratio of fixed prices and spot prices .,1,neutral,neutral
180,"industry in Asia +ó Pakistan , Malaysia , Taiwan and Philippines Today , Global Research & Data Services is going to publish several market analyses about the cement markets in Asia .",1,neutral,neutral
181,"The Web-Marela application handles invitations to quote , quote comparisons , agreements , purchases , invoice inspections , inventory management , and deliveries .",1,neutral,neutral
182,Cash flow from operations in January-December 2008 was a negative EUR 18.1 mn compared to EUR 39.0 mn in the corresponding period in 2007 .,0,negative,negative
183,"Operating profit totalled EUR 83.0 mn , up from EUR 23.5 mn year-on-year .",2,positive,positive
184,"( ADP News ) - Oct 1 , 2008 - Finnish consulting and engineering company Poyry Oyj ( OMX : POY1V ) said today it was awarded a EUR 5.2 million ( USD 7.4 m ) extension to their existing consultancy engineering contract with Venezuel",2,positive,positive
185,"The company serves customers in various industries , including process and resources , industrial machinery , architecture , building , construction , electrical , transportation , electronics , chemical , petrochemical , energy , and information technology , as well as catering and households .",1,neutral,neutral
186,Amanda Capital has investments in 22 private equity funds and in over 200 unquoted companies mainly in Europe .,1,neutral,neutral
187,ND = Not disclosed .,1,neutral,neutral
188,"Products include Consumer Electronics devices such as mobile phones and their accessories , set-top boxes , flat panel TVs as well as System Solutions products such as infrastructure systems , modules and other industrial segment products .",1,neutral,neutral
189,The company 's equipment rental portfolio consists primarily of tools for small and mid-sized customers in the construction industry .,1,neutral,neutral
190,"BasWare 's CEO Ilkka Sihvo comments in conjunction with the Interim Report : `` As a whole , BasWare succeeded well in the second quarter of 2007 .",2,positive,positive
191,Investment management and investment advisory services are the company 's sole line of business .,1,neutral,neutral
192,The duration of the contract is 37 months .,1,neutral,neutral
193,"( ADP News ) - Feb 11 , 2009 - Finnish wood products technology supplier Raute Oyj ( HEL : RUTAV ) said today its net profit decreased to EUR 4.7 million ( USD 6.1 m ) for 2008 from EUR 6.6 million for 2007 .",0,negative,negative
194,"The maximum obligated total trades per day is ISK 400,000,000 market value .",1,neutral,neutral
195,"YIT CORPORATION SEPT. 24 , 2007 at 13:30 CORPORATE RELEASE STOCK EXCHANGE RELEASE YIT 'S CAPITAL MARKETS DAY IN LONDON , SEPT. 26 , 2007 On Wednesday , September 26 , 2007 , YIT will hold a Capital Markets Day for investors and analysts in London .",1,neutral,neutral
196,"Neste Oil will publish its third quarter 2008 results on Friday , 24 October 2008 at approximately 9 am ( EET ) .",1,neutral,neutral
197,"Tiimari 's registered share capital is 16,474,755 shares as per today .",1,neutral,neutral
198,"Arto Ryymin , born 1964 , will replace Juhani Kaisanlahti who has worked as acting EVP , Healthcare & Welfare since August 2007 .",1,neutral,neutral
199,The ECB can mainly target inflation .,1,neutral,neutral
200,Almost two thirds of Olvi 's net sales come from outside Finland .,1,neutral,neutral
201,Ruukki 's order book at the end of 2010 was 30 % up year-on-year and 10 % up quarter-on-quarter .,2,positive,positive
202,The enterprise value of Maritim Food AS has been determined as approximately EUR15m .,1,neutral,neutral
203,"The dividend is payable on February 1 , 2010 to shareholders of record on January 19 , 2010 .",1,neutral,neutral
204,"In the building and home improvement trade , net sales totalled EUR 1,173 mn , down from EUR 1,566 mn a year earlier .",0,negative,negative
205,"Citigroup , Inc ( NYSE : C ) has announced that its Global Transaction Services ( GTS ) business has been awarded a new mandate by Finland-based Pohjola Bank Group .",2,positive,positive
206,"Net income from life insurance doubled to EUR 6.8 mn from EUR 3.2 mn , and net income from non-life insurance rose to EUR 5.2 mn from EUR 1.5 mn in the corresponding period in 2009 .",2,positive,positive
207,"Sales in Finland decreased by 2.0 % , and international sales decreased by 9.3 % in terms of euros , and by 15.1 % in terms of local currencies .",0,negative,negative
208,"( ADP News ) - Dec 11 , 2008 - Finnish construction and engineering company Outotec Oyj ( OMX : OTE1V ) said today it won a EUR 28 million ( USD 36.8 m ) order to expand the phosphate concentrator in Siilinjarvi of Norwegian minera",2,positive,positive
209,"The record date for dividend distribution is March 14 , 2008 .",1,neutral,neutral
210,They will be sunk to a depth of some 360-380 metres and fixed to the bottom mud by vacuum .,1,neutral,neutral
211,"The total investment necessary will be EUR40m , the company estimated .",1,neutral,neutral
212,Diluted earnings per share ( EPS ) rose to EUR 0.29 from EUR 0.05 .,2,positive,positive
213,- Operating profit rose by 26.9 % to EUR 105.8 ( 83.4 ) million .,2,positive,positive
214,The company moved to an operating profit of EUR10 .9 m versus an operating loss of EUR15 .3 m. It also turned to EPS of EUR0 .08 versus loss per share of EUR0 .04 .,2,positive,positive
215,The company operates power plants in the Tyumen and Chelyabinsk regions and in the Khanty-Mansi Autonomous District .,1,neutral,neutral
216,"The new majority owners of Aspocomp Thailand Co. , Ltd are certain private persons belonging to immediate circle of Aspocomp 's present Joint Venture partner , Saha Pathana Inter-Holding Plc. .",1,neutral,neutral
217,Tiimari operates 194 stores in six countries -- including its core Finnish market -- and generated a turnover of 76.5 mln eur in 2005 .,1,neutral,neutral
218,"The Board established a Remuneration Committee with following members : - Sari Baldauf Chairman - Tapio Hintikka - Heikki Westerlund In addition , the Board decided to appoint a Nomination Committee at a later stage .",1,neutral,neutral
219,"4 February 2011 - Finnish broadband data communication systems provider Teleste Oyj HEL : TLT1V said Wednesday its net profit rocketed to EUR4 .8 m in 2010 from EUR416 ,000 in 2009 and it lifted its dividend proposal .",2,positive,positive
220,Net profit was 35.5 mln compared with 29.8 mln .,2,positive,positive
221,Why not give your bedroom a cool makeover for summer .,1,neutral,neutral
222,"Systeemitiimi 's sales and project resources will also be strengthened , director Paul Skogberg said .",2,positive,positive
223,"CapMan Plc Press Release 31 March 2008 Jukka Ruuska , President of the OMX Nordic Exchanges and the Stockholm Stock Exchange , will transfer to CapMan effective no later than September 2008 .",1,neutral,neutral
224,In 2007 Etteplan reported a turnover of EUR125 .2 m.,1,neutral,neutral
225,Orion Pharma 's operating profit increased by 42.5 % from 2004 .,2,positive,positive
226,"Latin America currently accounts for approximately 40 % of sales at Tecnotree , company president and CEO Eero Mertano recently told BNamericas .",1,neutral,neutral
227,"The Group 's turnover in 2006 was EUR 39.2 million , and operating profit was EUR 3.9 million .",1,neutral,neutral
228,"Foodservice and consumer goods markets are served by approximately 13,000 people in 54 manufacturing units and several sales offices in 33 countries .",1,neutral,neutral
229,"Tyrvaan Sanomat , published twice a week by Tyrvaan Sanomat Oy , appears in Sastamala and Kiikoinen .",1,neutral,neutral
230,"Finnish silicon wafer technology company Okmetic Oyj ( OMX Helsinki : OKM1V ) reported on Thursday ( 7 August ) an operating profit of EUR5 .3 m for the period January-June 2008 , up from EUR3 .3 m in the corresponding period in 2007 .",2,positive,positive
231,"In 2008 , Kemira recorded revenue of approximately EUR 2.8 billion and had a staff of 9,400 .",1,neutral,neutral
232,The soapstone deposits in the Medvezhyegorsk area are expected to increase Tulikivi 's current reserves considerably .,2,positive,positive
233,Unit costs for flight operations fell by 6.4 percent .,2,positive,negative
234,Cash flow from operations rose to EUR 52.7 mn from EUR 15.6 mn in 2007 .,2,positive,positive
235,The company says the measures are no longer needed .,1,neutral,neutral
236,"Department store sales improved by 14 % to EUR 1,070.6 mn .",2,positive,positive
237,"For the first nine months of 2010 , the company 's net profit rose to EUR41m from EUR30m for the corresponding period of 2009 .",2,positive,positive
238,"Finnish Scanfil , a contract manufacturer and systems supplier for communication and industrial electronics reports net sales of EUR 108.7 mn in the first half of 2008 , down from EUR 111.1 mn a year earlier .",0,negative,negative
239,"Jeder Beta-Tester erh+ñlt kostenlos sechs Monate lang Updates und hat laut eigener Aussage die M+Âglichkeit , die finale Version zu beeinflussen .",1,neutral,neutral
240,Talvivaara is listed on the London Stock Exchange Main Market and NASDAQ OMX Helsinki and is included in the FTSE 250 Index .,1,neutral,neutral
241,"According to Finnair Technical Services , the measure is above all due to the employment situation .",1,neutral,positive
242,The divested stake represented about 2.7 m shares in Okmetic 's capital .,1,neutral,neutral
243,Consolidated pretax profit decreased by 69.2 % to EUR 41.0 mn from EUR 133.1 mn in 2007 .,0,negative,negative
244,"The reason for this is St. Petersburg status as a capital , one of the participants in the meeting quoted Chikunov as saying .",1,neutral,neutral
245,HK Ruokatalo 's target is to know the consumers .,1,neutral,neutral
246,( A spokesperson told WWD to expect a 50-50 mix of clothing and home decor . ),1,neutral,neutral
247,"`` UPM 's deliveries increased during the third quarter by 4 percent , and the efficiency of operations improved , '' Chief Executive Jussi Pesonen said .",2,positive,positive
248,"Founded in 1985 , Quatrocon 's clientele consists of public sector builders , central trading companies and major construction firms .",1,neutral,neutral
249,"Incap , headquartered in Oulu , Finland , is a electronics contract manufacturer with some 750 employees in Finland , Estonia and India .",1,neutral,neutral
250,According to an  posted by the World Intellectual Property Organization : `` The present invention relates to hydrocarbons and particularly to the manufacture of hydrocarbon components suitable as aviation fuels or jet fuels and as blending stocks for aviation fuels .,1,neutral,neutral
251,"Marathon now has a 4.6 percent stake in PLX , it said , according to Bloomberg .",1,neutral,neutral
252,The company did not disclose the price of the acquisition .,1,neutral,neutral
253,"Cramo is a service company specialising in construction machinery and equipment rental and rental-related services , as well as the rental and sale of modular space .",1,neutral,neutral
254,"Group EBIT for the first half was EUR13 .6 m US$ 17.8 m , falling short of the EUR22 .5 m it posted for the same period of 2009 .",0,negative,negative
255,"According to HK Ruokatalo , almost all the meat used by the company comes from Finland .",1,neutral,neutral
256,"In the third quarter of fiscal 2008 Efore swung to a net loss of EUR 400,000 versus a net profit of EUR 200,000 for the corresponding period of fiscal 2007 .",0,negative,negative
257,"Consisting of seven interconnected units , Mega Image 's logistics center will be 347 metres in length and 12 metres in height .",1,neutral,neutral
258,"The Annual General Meeting approved that the yearly remuneration for the members of the Board of Directors shall remain at EUR 40.000 for the Chairman of the Board , EUR 30.000 for the Deputy Chairman of the Board and EUR 20.000 for other members of the Board .",1,neutral,neutral
259,Diluted EPS rose to EUR3 .68 from EUR0 .50 .,2,positive,positive
260,"The final price will be specified by 14 May 2010 , the acquiring company said .",1,neutral,neutral
261,"In 2010 , Sanoma Magazines expects net sales to be at the 2009 level .",1,neutral,neutral
262,"The objective is that trading in the shares will commence on May 2 , 2007 .",1,neutral,neutral
263,"The firm 's UK head office is in Rugby Road , Lutterworth .",1,neutral,neutral
264,"Following the demerger , the vice president of the group 's pharmaceutical trade in Finland , Jukka Niemi , will be appointed managing director of Oriola in addition to his current responsibilities .",1,neutral,neutral
265,"The manufacture of CPPs will be undertaken at the existing Export Oriented Unit EOU at Wartsila 's factory at Khopoli , near Mumbai .",1,neutral,neutral
266,The group 's net sales in 2007 were EUR683 .6 m.,1,neutral,neutral
267,"The new Kroksberg railway tunnel will be built on a new section of track between Harnosand and Veda , forming part of the line that follows the coast of the Gulf of Bothnia .",1,neutral,neutral
268,The company had net sales of EUR 19.8 mn and a pre-tax profit of EUR 1.8 mn in 2005 .,1,neutral,neutral
269,"LCS 's services cover the whole life cycle of software and information systems , from process modelling and tailored software development , to hosting services , solution management , maintenance and support .",1,neutral,neutral
270,The machinery now ordered will be placed in a new mill with an annual production capacity of 40 000 m3 of overlaid birch plywood .,1,neutral,neutral
271,The expanded plant is scheduled to be operational by the middle of October 2009 .,1,neutral,neutral
272,"8,600 m , and at the time of investment it is fully leased to several tenants .",1,neutral,neutral
273,The customers will have an access to integrated propeller and gear packages from one source .,1,neutral,neutral
274,10 February 2011 - Finnish media company Sanoma Oyj HEL : SAA1V said yesterday its 2010 net profit almost tripled to EUR297 .3 m from EUR107 .1 m for 2009 and announced a proposal for a raised payout .,2,positive,positive
275,"In October , UPM reported a third-quarter net loss of euro86 million $ 110 million compared with a net profit of euro120 million in 2007 .",0,negative,negative
276,"Finnish Exel Composites , a technology company that designs , manufactures , and markets composite profiles and tubes for various industrial applications , reports its net sales decreased by 0.6 % in the second quarter of 2010 to EUR 19.2 mn from EUR 19.3 mn in the corresponding period in 2009 .",0,negative,negative
277,"In Q1 of 2009 , the company 's operating loss totalled EUR 0.3 mn , compared to a profit of EUR 3.6 mn in Q1 of 2008 .",0,negative,negative
278,The estimated value of the deal is USD 9.2 million .,1,neutral,neutral
279,And that 's exactly what happened on a recent weekday when an East Haven baker was brought in to remind residents about the Easter tradition of making wheat and rice pies .,1,neutral,neutral
280,The expansion is to be finalized in the autumn of 2009 .,1,neutral,neutral
281,"Tyrv+ñinen is of the opinion that the airline has been repeating this for some time already , however .",1,neutral,negative
282,Stora is due to release its fourth-quarter and 2009 full-year earnings on Feb. 4 .,1,neutral,neutral
283,"In the third quarter of 2010 , net sales increased by 5.2 % to EUR 205.5 mn , and operating profit by 34.9 % to EUR 23.5 mn .",2,positive,positive
284,"The repo rate will gradually reach 2 % at the end of 2010 , according to Nordea 's Economic Outlook .",1,neutral,positive
285,Ruukki Group calculates that it has lost EUR 4mn in the failed project .,0,negative,negative
286,"Cardona slowed her vehicle , turned around and returned to the intersection , where she called 911 .",1,neutral,neutral
287,"In the second quarter of 2010 , the group 's pretax loss narrowed to EUR 400,000 from EUR 600,000 .",2,positive,positive
288,The energy shot is packed in a 100-millilitre bag with a screw cap .,1,neutral,neutral
289,"Operating profit , excluding non-recurring items , totaled EUR 0.2 mn , down from EUR 0.8 mn in the corresponding period in 2006 .",0,negative,negative
290,"The approximately 20,000 dwt vessel has been ordered from India .",1,neutral,neutral
291,"The train is expected to cross the Russian territory in 9 days , reaching the Vostochny port .",1,neutral,neutral
292,Almost the entire office building will be occupied by Metso .,1,neutral,neutral
293,Marathon estimates the value of its remaining stake in Protalix at $ 27 million .,1,neutral,neutral
294,"Net sales surged by 18.5 % to EUR167 .8 m. Teleste said that EUR20 .4 m , or 12.2 % , of the sales came from the acquisitions made in 2009 .",2,positive,positive
295,Operating profit improved to EUR 20.3 mn from EUR 11.4 mn .,2,positive,positive
296,The economic occupancy rate of Sponda 's property portfolio rose to 91.2 % from 88.8 % in 2006 .,2,positive,positive
297,"ADP News - Nov 13 , 2008 - Finnish printed circuit board PCB maker Aspocomp Group Oyj OMX : ACG1V said today that its net loss narrowed to EUR 2 million USD 2.5 m in the first nine months of 2008 from EUR 57",2,positive,positive
298,"The 10,000-odd square metre plot that Stockmann has bought for the Nevsky Center shopping center is located on Nevsky Prospect , St Petersburg 's high street , next to the Vosstaniya Square underground station , in the immediate vicinity of Moscow Station .",1,neutral,neutral
299,"( ADP News ) - Feb 6 , 2009 - Finnish fishing tackle company Rapala VMC Corp ( HEL : RAP1V ) said today its net profit rose to EUR 19.2 million ( USD 24.6 m ) for 2008 from EUR 17.5 million for 2007 .",2,positive,positive
300,Operating profit fell to EUR 15.1 mn from EUR 24.6 mn in 2006 .,0,negative,negative
301,"ADPnews - Aug 3 , 2009 - Finnish media group Ilkka-Yhtyma Oyj HEL : ILK2S said today its net profit fell 45 % on the year to EUR 5.9 million USD 8.4 m in the first half of 2009 .",0,negative,negative
302,"Last year , 8.3 million passengers flew the airline , down 4 percent from 2007 .",0,negative,negative
303,"Both operating profit and net sales for the six-month period increased , respectively from EUR7 .5 m and EUR655 .5 m , as compared to the corresponding period in 2005 .",2,positive,positive
304,"The divested company is part of TietoEnator 's business area Government , Manufacturing & Retail .",1,neutral,neutral
305,The intent of the article was to focus attention on the fact that the development model that China had followed was very different than the model that India had followed .,1,neutral,neutral
306,"In a separate announcement to the Helsinki stock exchange , Atria revealed that the company 's third quarter profits declined from EUR13 .9 m in the third quarter of last year to EUR12 .7 m in this year 's Q3 .",0,negative,negative
307,Net sales fell by 33 % from the third quarter of 2008 to EUR 130.5 mn .,0,negative,negative
308,A merger between UPM and Finnish-Swedish Stora Enso is not likely either .,1,neutral,neutral
309,Marimekko is considering further measures in the matter .,1,neutral,neutral
310,"The financial impact is estimated to be some 1.5 MEUR annual improvement in the division 's result , starting from fiscal year 2007 .",2,positive,positive
311,"Profit for the period totalled EUR 0.8 mn , down from EUR 1.1 mn in the corresponding period in 2008 .",0,negative,negative
312,"Having a China based operation will not only enable us to fully leverage our resources and expertise in wireless solutions , but also strengthen our capability to offer industry-leading products for our customers in China . ''",2,positive,positive
313,"Operating profit totalled EUR 9.0 mn , down from EUR 9.7 mn in the first half of 2008 .",0,negative,negative
314,"Following the issue , the new shares will constitute 10 percent of the firm 's capital .",1,neutral,neutral
315,"Trading in the new shares , which have right to dividends and other distributions of funds , will start on the exchange in Helsinki tomorrow .",1,neutral,neutral
316,The value of the contracts is about EUR 3.3 mn .,1,neutral,neutral
317,"These financing arrangements will enable the company to ensure , in line with its treasury policy , that it has sufficient financial instruments at its disposal for its potential capital requirements .",2,positive,positive
318,"The value of the order is EUR 700,000 .",1,neutral,neutral
319,"Finnish telecoms software developer Tecnomen Oyj said on December 5 , 2006 it won a $ 3.3 mln ( 2.5 mln euro ) order to supply an expansion of the charging and messaging systems for the mobile and fixed networks of Brasil Telecom .",2,positive,positive
320,The new B shares carry the right to dividend and other shareholder rights with effect from today .,1,neutral,neutral
321,"Pretax profit totalled EUR 2.0 mn , compared to a loss of EUR 159.2 mn in the fourth quarter of 2008 .",2,positive,positive
322,"Acando AB ( ACANB SS ) fell 8.9 percent to 13.35 kronor , the lowest close since Dec. 11 .",0,negative,negative
323,Operating profit rose to EUR 13.1 mn from EUR 8.7 mn in the corresponding period in 2007 representing 7.7 % of net sales .,2,positive,positive
324,"Both operating profit and net sales for the nine-month period increased , respectively by 26.6 % and 3.4 % , as compared to the corresponding period in 2006 .",2,positive,positive
325,The operating margin of Aker Yards Cruise & Ferries division went down from 8.3 % to 6.4 % in the first quarter of 2007 .,0,negative,negative
326,"Neste Oil s refineries have a combined crude oil refining capacity of approximately 260,000 barrels a day .",1,neutral,neutral
327,Completion of the transaction is subject to a final agreement and a Due Diligence process .,1,neutral,neutral
328,Sanoma Magazines International will invite other shareholders holding approximately 15 % of the shares to sell their shares .,1,neutral,neutral
329,"Outotec 's scope of delivery includes design , basic engineering and supply of proprietary equipment for a sinter plant with a grate area of 496 square meters .",1,neutral,neutral
330,"In the second quarter of 2010 , Raute 's net loss narrowed to EUR 123,000 from EUR 1.5 million in the same period of 2009 .",2,positive,positive
331,The Extraordinary General Meeting is expected to take place no later than 18 February 2011 .,1,neutral,neutral
332,The financial statements release will be available after publishing on the Company 's internet pages at www.cargotec.com .,1,neutral,neutral
333,"BasWare Invoice Processing , BasWare Contract Matching , BasWare Order Matching and BasWare KPI Reporting Tool are part of the BasWare 's Enterprise Purchase to Pay product suite .",1,neutral,neutral
334,"The company 's plant in Russia will continue to make tyres for its near markets , while the plant in Nokia in Finland will manufacture tyres for other markets .",1,neutral,neutral
335,"Sampo Housing Loan Bank , a unit of Finland 's Sampo Bank , has priced its EUR1bn ( USD1 .3 bn ) bond at 99.889 % , Reuters reported .",1,neutral,positive
336,"2009 3 February 2010 - Finland-based steel maker Rautaruukki Oyj ( HEL : RTRKS ) , or Ruukki , said today it slipped to a larger-than-expected pretax loss of EUR46m in the fourth quarter of 2009 from a year-earlier profit of EUR45m .",0,negative,negative
337,"A total of 1,800,000 stock options were issued in the 2003 stock option scheme .",1,neutral,neutral
338,"For 2009 , net profit was EUR3m and the company paid a dividend of EUR1 .30 apiece .",1,neutral,neutral
339,"According to Seikku , the retail sector in Finland is controlled by 3-4 large actors , while food manufacturers are still relatively small .",1,neutral,neutral
340,Finnish office supplies and computer accessories dealer Beltton-Group Plc said its net profit rose to 1.3 mln euro ( $ 1.7 mln ) in 2006 from 1.13 mln euro ( $ 1.5 mln ) in 2005 .,2,positive,positive
341,The mill is concentrating on getting the supercalendered line running satisfactorily before restarting its older newsprint line .,1,neutral,neutral
342,"In August-October 2010 , the company 's result before taxes totalled EUR 9.6 mn , up from EUR 0.5 mn in the corresponding period in 2009 .",2,positive,positive
343,"UPM-Kymmene www.upm-kymmene.com produces magazine papers and newsprint , as well as fine and specialty papers , converting materials and wood products .",1,neutral,neutral
344,The maximum number of new shares to be offered is 22 million .,1,neutral,neutral
345,Mursula said they tried to gather macro-economic perspective to see how Malaysia was doing .,1,neutral,neutral
346,"The order values at EUR 6.9 mn , and it consists of design services and hardware and software licences .",1,neutral,neutral
347,Finnish metal products company Componenta Oyj net profit rose to 26.1 mln euro ( $ 35.9 mln ) for the first quarter of 2007 from 5.3 mln euro ( $ 7.3 mln ) for the same period of 2006 .,2,positive,positive
348,GyPSii service supports ten different languages including Korean and Russian .,1,neutral,neutral
349,"Swedish , Finnish and Danish listed companies are organized in three market cap segments , Nordic Large Cap , Mid Cap and Small Cap .",1,neutral,neutral
350,This resulted in improved sales figures in Sweden .,2,positive,positive
351,Terms were not disclosed .,1,neutral,neutral
352,"ADP News - Apr 22 , 2009 - Finnish business information systems developer Solteq Oyj HEL : STQ1V said today its net loss widened to EUR 189,000 USD 245,000 for the first quarter of 2009 from EUR 10,000 for the same peri",0,negative,positive
353,Atria said its offer would give the Swedish company continued ownership and control of its slaughtering and cutting operations .,1,neutral,neutral
354,"The tanks will be delivered to a company which is currently building a chemical tank farm in Antwerp , northern Belgium .",1,neutral,neutral
355,"At the end of March 2007 , the group 's order book was at EUR 39.6 mn , up 42 % from the corresponding period in 2006 .",2,positive,positive
356,Last year 's net sales rose to EUR 68.3 million from EUR 62.2 million .,2,positive,positive
357,Delivery is expected to take place later this month .,1,neutral,neutral
358,"3 February 2011 - Finnish broadband data communication systems provider Teleste Oyj HEL : TLT1V said yesterday its net profit rocketed to EUR4 .8 m in 2010 from EUR416 ,000 in 2009 and it lifted its dividend proposal .",2,positive,positive
359,"In January , traffic , measured in revenue passenger kilometres RPK , went up by 3.2 % and capacity , measured in available seat kilometres ASK , rose by 12.2 % .",2,positive,positive
360,"Shareholder 's full name and ID code : - Petri Ailus , born 15.9.1966 For further information , please contact Isto Hantila , CEO , tel. +358 9 591 8342 .",1,neutral,neutral
361,The value of the orders is about EUR 25mn .,1,neutral,neutral
362,Work on the assignment has already started and is due for completion in spring 2011 .,1,neutral,neutral
363,"Sullivan said some of the boards `` really involve a lot of work , and people should get paid for their time . ''",1,neutral,neutral
364,"rosendal at outotec.com Eila Paatela , Vice President - Corporate Communications tel. +358 20 529 2004 , +358 400 817198 e-mail eila .",1,neutral,neutral
365,The order also includes start-up and commissioning services .,1,neutral,neutral
366,"Based on the first quarter result , existing order backlog and new order prospects , the company expects that full-year sales will contract by 25 % from 2008 , the gross margin will stay at a healthy level , and the operating profit margin will be lower than in 2008 due to lower sales volume .",0,negative,negative
367,"Following the registration , the share capital of Biotie is EUR 52,556,678.10 .",1,neutral,neutral
368,"LONDON AFX - UK and European brokers ' recommendations issued today , as collated by AFX News from a range of market sources .",1,neutral,neutral
369,"Finnish electronics contract manufacturer Scanfil had net sales of EUR 52.2 mn in the first quarter of 2007 , down from EUR 60.1 mn a year before .",0,negative,negative
370,"In addition to verification of an identity and digital signatures , new state-approved Mobile ID enables to cast votes in elections as well .",1,neutral,neutral
371,"With five different game modes , co-op tournaments , 4 player split-screen and multiplayer modes , players can have as much fun as they would if they were actually fishing .",1,neutral,neutral
372,The transactions would increase earnings per share in the first quarter by some EUR0 .28 .,2,positive,positive
373,The share subscription period for C options will commence on 1 September 2008 and expire on 31 March 2011 .,1,neutral,neutral
374,The company did not distribute a dividend in 2005 .,1,neutral,neutral
375,"The company 's board of directors will propose a dividend of EUR 0.95 per share for 2008 at the annual general meeting , scheduled to be held on March 23 , 2009 .",1,neutral,neutral
376,"The mall will be financed on a parity basis by Pearl Plaza LLC , the joint venture company established by the Chinese investor Shanghai Industrial Investment Holdings Co Ltd , and SRV Group .",1,neutral,neutral
377,"Finnish pulp and paper machinery maker Vaahto Group Oyj swung to a 1.1 mln euro $ 1.4 mln net profit in the fiscal 2005-06 , ended August 31 , 2006 , from a 249,000 euro $ 319,000 net loss in the fiscal 2004-05 .",2,positive,positive
378,"In April-June 2008 , Scanfil 's net sales totalled EUR 58.7 mn and operating profit EUR 6.6 mn .",1,neutral,neutral
379,"Finland-based Elcoteq SE , a privately held provider of electronics manufacturing services to communications companies , said Thursday it signed a long-term manufacturing supply deal with communications equipment company Andrew Corp. .",2,positive,positive
380,"The process , technology , project management , basic engineering and quality assurance within Forest Industry will be consolidated in Vantaa , southern Finland .",1,neutral,neutral
381,"Helsinki 19 May 2010 - Finnish company Lemminkainen Oyj ( HEL : LEM1S ) said today that it will construct an office building at Toolonlahti in downtown Helsinki , without disclosing financial details .",1,neutral,neutral
382,"The floor area of the Yliopistonrinne project will be 7,900 sq m and the building 's gross area will total 12,800 sq m. A total 25.1 % of the facilities have been let .",1,neutral,neutral
383,"Satama 's net profit for the third quarter of 2007 rose to 275,000 euro ( $ 395,000 ) from 270,000 euro ( $ 388,000 ) for the same period of 2006 .",2,positive,positive
384,"Finnair 's passenger load factor , which measures the number of sold seats as a share of all available seats , dropped by 1.3 percentage points to 76.7 % in September .",0,negative,negative
385,It 's not .,1,neutral,neutral
386,"MegaFon 's subscriber base increased 16.1 % in 2009 to 50.5 million users as of December 31 , while its market share by the number of customers amounted to 24 % as of late 2009 , up from 23 % as of late 2008 , according to TeliaSonera estimates .",2,positive,positive
387,"The gross area of the Innova 2 project will be about 10,000 sq m ( 107,600 sq ft ) .",1,neutral,neutral
388,"The maximum amount of the capital loan will be EUR30m and the minimum subscription -- EUR10 ,000 .",1,neutral,neutral
389,The medium-term operative targets of the company remain unchanged .,1,neutral,neutral
390,`` These developments partly reflect the government 's higher activity in the field of dividend policy . '',1,neutral,positive
391,"F-Secure Internet Security 2010 is a security service for surfing the web , online banking and shopping , e-mail , and other online activities .",1,neutral,neutral
392,The EPS improved to EUR0 .38 from EUR0 .27 .,2,positive,positive
393,The previous offer was 3.4 % of voting rights and 12.3 % of capital .,1,neutral,neutral
394,Kesko has previously published a stock exchange release concerning the deal on 7 February 2007 .,1,neutral,neutral
395,"Net cash flow from operating activities was a negative EUR 3.1 mn , compared to EUR 23.3 mn in the corresponding period in 2009 .",0,negative,negative
396,"Den Bosch-based TomTom is Europe 's largest maker of automotive navigation devices , while Cayman Islands-based Garmin is larger in the U.S. and overall .",1,neutral,neutral
397,"`` We have come out with a decision which is based on our preliminary economic , operational and environmental findings , '' Karvinen said .",1,neutral,positive
398,"Teleste 's hybrid TV solution includes components for the whole process of delivering video services to consumers from content acquisition and service creation to delivery through a range of access solutions , including HFC ( hybrid fibre-coaxial ) , xDSL , EttH , and FttH .",1,neutral,neutral
399,"Finnish pharmaceuticals company Orion reports profit before taxes of EUR 70.0 mn in the third quarter of 2010 , up from EUR 54.9 mn in the corresponding period in 2009 .",2,positive,positive
400,The customer is local company Etera Mutual Pension Insurance Co and the principal tenant of the unit will be media company Alma Media Corp HEL : ALN1V .,1,neutral,neutral
401,"The major breweries increased their domestic beer sales by 4.5 per cent last year , to 256.88 million litres from 245.92 million litres in 2004 .",2,positive,positive
402,"F-Secure , a developer of security solutions as a service through Internet Service Providers and mobile operators , announced results from its annual Online Wellbeing Survey .",1,neutral,positive
403,Pharmaceutical market in Belgium Global Research & Data Services published recently a market analysis about the pharmaceutical markets in Belgium .,1,neutral,neutral
404,The issuer is solely responsible for the content of this announcement .,1,neutral,neutral
405,Earnings per share EPS in 2005 decreased to EUR0 .66 from EUR1 .15 in 2004 .,0,negative,negative
406,"The contract value amounts to about EUR11m , the company added .",1,neutral,neutral
407,"Biohit Oyj develops , manufactures and markets liquid handling products and diagnostic test systems for use in research , healthcare and industrial laboratories .",1,neutral,neutral
408,"Our customers include companies in the energy and process industry sectors , in particular .",1,neutral,neutral
409,"Insurer Axa ( PAR : CS ) slid by 5.35 % to EUR 14.15 , after Citigroup and ING slashed their targets on the stock .",0,negative,negative
410,"Kemira , headquartered in Helsinki , Finland , is an international chemicals group comprising the business areas Kemira Pulp & Paper , Kemira Water , Kemira Specialty and Kemira Coatings .",1,neutral,neutral
411,"It generated an operating loss of EUR 96.3 mn , down from a profit of EUR 43.9 mn .",0,negative,negative
412,The agreement must be approved by the Russian competition authorities before it enters into force .,1,neutral,neutral
413,"The utility will also provide services related to electricity management , such as hedging trades and risk management and reporting .",1,neutral,neutral
414,Earnings per share EPS amounted to EUR0 .01 .,1,neutral,neutral
415,"Operating loss of the Pulp & Paper Machinery unit was over EUR 3mn in September 2007 - August 2008 , compared to a profit of EUR 3.7 mn a year earlier .",0,negative,negative
416,"Metsaliitto will sell 1.1 million B shares of Neomarkka , accounting for about 18.3 pct of Neomarkka 's equity and about 12.7 pct of the voting rights .",1,neutral,neutral
417,"Stockholm , 3 March 2011 About Cybercom The Cybercom Group is a high-tech consultancy that offers global sourcing for end-to-end solutions .",1,neutral,neutral
418,"Operating profit , excluding non-recurring items , totalled EUR 1.0 mn , down from EUR 1.6 mn .",0,negative,negative
419,The annual net sales of the unit is some EUR 5 million and it currently employs some 55 people .,1,neutral,neutral
420,The net sales of Healthcare Trade business in 2009 were EUR 145.1 million EUR 155.2 million and operating profit EUR 8.9 million EUR 7.9 million .,1,neutral,neutral
421,"According to CapMan Plc 's Corporate Governance , the majority of the committees ' members shall be independent of the Company .",1,neutral,neutral
422,"Panostaja owns a 68.77 pct of share capital and the voting rights of Suomen Helasto shares following an exchange of shares which was carried out on May 30 , 2007 .",1,neutral,neutral
423,Tekla Group 's net sales for 2006 were approximately 50 million euros and operating result 13.6 million euros .,1,neutral,neutral
424,Loss for the period totalled EUR 15.6 mn compared to a profit of EUR 6.3 mn in 2008 .,0,negative,negative
425,Pharmaceuticals group Orion Corp reported a fall in its third-quarter earnings that were hit by larger expenditures on R&D and marketing .,0,negative,negative
426,"Operating loss totalled EUR 4.0 mn , compared to a profit of EUR 8.6 mn in the second quarter of 2008 .",0,negative,negative
427,"Quartal Oy now owns 2,094,063 shares in Satama Interactive Plc , which represents 5,19 per cent of the share capital and voting rights .",1,neutral,neutral
428,Viking Line manages well with its current ferries .,2,positive,positive
429,"Operating profit totalled EUR 9.6 mn , down from EUR 42.0 mn the year before .",0,negative,negative
430,The new factory working model and reorganisations would decrease Nokian Tyres ' costs in the factory by EUR 30 million ( USD 38.7 m ) .,2,positive,positive
431,This will bring cost savings of about EUR 3mn a year .,2,positive,positive
432,"Paychex has more than 100 offices serving approximately 554,000 payroll clients nationwide as of May 31 , 2009 .",1,neutral,neutral
433,After 1 April 2007 Cencorp will not have any own employees in the territory .,1,neutral,neutral
434,Finnish handling systems company Cargotec Oyj ( HEL : CGCBV ) said today that it won a EUR 13 million ( USD 16.6 m ) contract to deliver MacGregor hatch covers for ships ordered by Norwegian shipowner Grieg Shipping .,2,positive,positive
435,"Both operating profit and net sales for the six-month period increased , respectively from EUR0 .4 m and EUR3 .2 m , as compared to the corresponding period in 2005 .",2,positive,positive
436,Saunalahti is a part of the Elisa group .,1,neutral,neutral
437,"ADPnews - Jul 17 , 2009 - Finland-based steel maker Rautaruukki Oyj Ruukki HEL : RTRKS said today it slipped to a net loss of EUR 184 million USD 259.7 m for the first half of 2009 from a net profit of EUR 2",0,negative,negative
438,The plan is estimated to generate some EUR 5 million ( USD 6.5 m ) in cost savings on an annual basis .,2,positive,positive
439,One of the headboxes will be equipped with a modern consistency control system to ensure cross machine profile of the plasterboard .,1,neutral,neutral
440,"Seven-month sales of Ragutis , which is controlled by the Finnish brewery Olvi , declined by 11.2 percent , to 15.41 million liters , and the company held 9.89 percent of the market .",0,negative,negative
441,The transaction is expected to be completed next spring .,1,neutral,neutral
442,"The development of the technological park , which will specialize in telecommunications and information technologies , is part of the state program for the formation of technoparks for hi-tech sectors in Russia .",1,neutral,neutral
443,"Net sales totaled EUR 93.6 mn , up from EUR 93.2 mn in the corresponding period in 2005 .",2,positive,positive
444,"Global sports equipment maker Amer Sports Corp. , whose brands include Atomic , Salomon and Wilson , saw a 64 percent increase in third-quarter net profit to EURO 47.4 million $ 65 million on strong sales and cost cuts .",2,positive,positive
445,`` We could be there .,1,neutral,neutral
446,The investment would be some EUR5m .,1,neutral,neutral
447,"Both operating profit and net sales for the 12-month period increased , respectively from EUR21 .5 m and EUR196 .1 m , as compared to 2005 .",2,positive,positive
448,"Cargo traffic fell 1 % year-on-year to 8,561 tonnes in September 2009 .",0,negative,negative
449,The value of the orders is over EUR 10mn .,1,neutral,neutral
450,"The sellers include 40 shareholders , including Intellibis management , employees and other investors .",1,neutral,neutral
451,"In Sweden , operating profit for the period under review totaled EUR 3.4 mn , up 30.8 % from the corresponding period in 2005 .",2,positive,positive
452,"Payment for acquired shares will be made in cash , and the price per share will be EUR 1 plus an administration fee .",1,neutral,neutral
